,trad,bfm_all,bfm_tested,n_species,d_all,d_tested,d_species_selection,trad_empirical,d_lognormal_assumption
100-01-6,1.4131742458191652,0.8882741448992361,1.519801365379423,5,-0.5249001009199291,0.10662711956025772,-0.6315272204801868,1.488402327184446,-0.07522808136528081
100-02-7,0.7096776592119038,0.501701526986893,0.8993290066254414,18,-0.20797613222501088,0.1896513474135375,-0.3976274796385484,0.8991121776709415,-0.1894345184590377
100-41-4,0.8771656907808165,0.6659626171015943,0.7934694322698905,14,-0.2112030736792222,-0.08369625851092599,-0.1275068151682962,0.847508747628575,0.029656943152241544
100-42-5,0.7645947572370987,0.7155528856819692,1.154306979200737,9,-0.04904187155512951,0.3897122219636383,-0.4387540935187678,1.1445520980475283,-0.37995734081042964
100-52-7,0.5853250265977069,0.4619323943970871,0.5404349404688596,7,-0.1233926322006198,-0.04489008612884726,-0.07850254607177254,0.5315040860215301,0.05382094057617681
10025-73-7,1.0786819715186007,0.5831438096245564,1.0647760053582171,8,-0.4955381618940443,-0.013905966160383532,-0.4816321957336608,0.9891449191078147,0.08953705241078602
10025-91-9,0.6834072138626051,0.47327859271838446,0.7033255613567443,5,-0.2101286211442206,0.019918347494139232,-0.23004696863835983,0.6496010091674957,0.03380620469510931
10043-01-3,0.8715323042947117,0.23779994558838152,0.8778581282362843,6,-0.6337323587063302,0.00632582394157255,-0.6400581826479028,0.8438585336040093,0.027673770690702426
10043-35-3,1.841449851143787,1.6940904139710273,2.10721367834862,7,-0.14735943717275957,0.26576382720483327,-0.41312326437759284,2.032967106459233,-0.19151725531544628
10043-52-4,2.9979638251655207,2.6084215200671585,2.888173240795441,11,-0.3895423050983622,-0.10979058437007971,-0.27975172072828247,2.7865497216621526,0.2114141035033681
10049-04-4,1.4554713473581051,1.310099803009509,2.1953249939076906,5,-0.14537154434859612,0.7398536465495855,-0.8852251908981816,2.210230504489476,-0.754759157131371
10099-74-8,-0.07014996998317802,0.16397324525314766,0.12642956077942974,36,0.23412321523632568,0.19657953076260776,0.03754368447371792,0.1362844311442017,-0.2064344011273797
101-05-3,-1.360536582190584,-0.9876094714789153,-0.8819404114558353,7,0.3729271107116686,0.4785961707347486,-0.10566906002307996,-1.0609201383707962,-0.2996164438197877
101-20-2,-2.070709962839731,-1.3499967827540604,-1.9545869298224035,6,0.7207131800856705,0.11612303301732751,0.604590147068343,-1.9680062890442085,-0.10270367379552248
101-27-9,-0.25347835322726653,-0.514214540005167,-0.20391052562115994,7,-0.26073618677790045,0.04956782760610659,-0.310304014384007,-0.23676368584415391,-0.016714667383112614
10102-18-8,-0.16964447320798393,0.18604441192334825,0.0035896289399331566,18,0.3556888851313322,0.17323410214791707,0.1824547829834151,0.008660649120027881,-0.1783051223280118
10108-64-2,-0.6808112940873242,-0.7125718065002402,-0.8293851087467639,135,-0.031760512412916,-0.14857381465943964,0.11681330224652364,-0.7050442233659068,0.02423292927858256
10124-36-4,-0.9398592176798003,-0.6474023070421919,-0.8780539466405015,21,0.29245691063760837,0.06180527103929878,0.2306516395983096,-0.9394883664638837,-0.0003708512159166233
1014-70-6,1.0064334090560658,-0.19458445926834284,1.0334482732612655,6,-1.2010178683244086,0.027014864205199718,-1.2280327325296083,0.9542425094393248,0.05219089961674106
10265-92-6,-3.0723772270529066,-1.1773885457623172,-3.362588746758928,7,1.8949886812905894,-0.29021151970602155,2.185200200996611,-3.3039674413478264,0.23159021429491977
1031-07-8,-2.0644510248418264,-2.1086348697942396,-1.9284780965495465,7,-0.04418384495241323,0.13597292829227992,-0.18015677324469315,-2.059637310505756,-0.004813714336070252
10325-94-7,-1.1450739606202136,-0.6030715878530086,-1.0830447505834426,22,0.542002372767205,0.062029210036770976,0.479973162730434,-1.1530867829263902,0.008012822306176615
10361-37-2,1.801277932819756,1.324333193584718,2.1775537509466947,6,-0.4769447392350379,0.3762758181269388,-0.8532205573619767,2.1760912590556813,-0.37481332623592545
104-40-5,-1.0955736484193352,-1.0131677003376174,-1.0473603081668292,23,0.08240594808171786,0.04821334025250601,0.03419260782921185,-1.0513326720853218,-0.04424097633401347
10476-85-4,2.024050742934815,1.675943115780914,2.067590096780988,6,-0.348107627153901,0.043539353846173245,-0.3916469810000742,2.035018933303877,-0.010968190369061936
105-37-3,1.7569857050976332,1.259315733251586,1.777935963493736,10,-0.4976699718460471,0.02095025839610276,-0.5186202302421499,1.7603800002515897,-0.003394295153956506
105-67-9,0.7423073127133566,0.522100022150751,0.7764423759752311,8,-0.22020729056260557,0.03413506326187454,-0.2543423538244801,0.7883003952306225,-0.04599308251726586
10599-90-3,-0.26420950253930403,-0.8968056358637623,-0.2725985635333723,5,-0.6325961333244583,-0.008389060994068276,-0.62420707233039,-0.27216458727185866,0.00795508473255463
106-44-5,0.9111962076344693,0.6323776853864942,0.9709646814828146,8,-0.2788185222479751,0.05976847384834527,-0.33858699609632037,0.9132309499088558,-0.002034742274386492
106-46-7,0.44495588319683876,0.31158968593586356,0.5581992574533228,13,-0.1333661972609752,0.11324337425648401,-0.24660957151745921,0.4670659681288506,-0.02211008493201183
106-47-8,0.2643302343592636,0.2603107669195714,0.5450544695342932,8,-0.004019467439692226,0.28072423517502954,-0.28474370261472176,0.4737484272986554,-0.2094181929393918
106-48-9,0.6803459766309043,0.35252171388043546,0.67750791870866,9,-0.3278242627504689,-0.0028380579222443414,-0.32498620482822455,0.6810238387875706,-0.0006778621566662091
106-93-4,0.6459450960901365,0.3661944411408732,0.7623363328911135,6,-0.2797506549492633,0.11639123680097696,-0.3961418917502403,0.6812412373755872,-0.035296141285450666
10605-21-7,-1.2620872502987737,-0.6492886742874919,-1.0417886205729474,9,0.6127985760112817,0.22029862972582626,0.3924999462854555,-1.2786634798428018,0.016576229544028154
107-02-8,-1.1170634146629939,-1.0032976350373146,-1.0646991469375269,13,0.11376577962567924,0.052364267725466984,0.06140151190021226,-1.1288020989935397,0.011738684330545812
107-05-1,1.3907499603933664,0.8459953869260647,1.3796717583869793,5,-0.5447545734673017,-0.011078202006387095,-0.5336763714609146,1.3680734831823755,0.022676477210990864
107-06-2,2.1220988150106854,1.4815655239349308,2.162694621782564,9,-0.6405332910757546,0.040595806771878795,-0.6811290978476334,2.1561182536206998,-0.03401943861001433
107-07-3,1.6785937866032115,1.1420166960158427,1.6811512004928217,9,-0.5365770905873688,0.0025574138896102827,-0.5391345044769791,1.671888969360528,0.0067048172426833474
107-11-9,1.0646960529079237,0.9546784559126711,1.344718565498051,11,-0.1100175969952526,0.2800225125901272,-0.3900401095853798,1.2041199826559248,-0.1394239297480011
107-13-1,1.0495529458731925,0.6981502971072224,1.0862181926329328,14,-0.35140264876597005,0.036665246759740366,-0.3880678955257104,1.0606724508961514,-0.011119505022958887
107-49-3,-0.4861986277190675,-0.7600093756767514,0.016222340091178032,7,-0.2738107479576839,0.5024209678102456,-0.7762317157679295,0.019737808983255552,-0.505936436702323
1071-83-6,0.22757310088061034,0.8838513428231676,1.0127393010599535,17,0.6562782419425572,0.7851662001793431,-0.1288879582367859,0.8748538149996478,-0.6472807141190374
108-05-4,1.336016949067388,0.9099570377822696,1.3688084753947167,6,-0.42605991128511855,0.032791526327328624,-0.4588514376124472,1.3754670081067237,-0.03945005903933563
108-18-9,2.686946265007563,1.7224669833276243,2.649195093530148,5,-0.9644792816799386,-0.037751171477415024,-0.9267281102025235,2.689431606268444,-0.0024853412608809577
108-88-3,1.1411458277032542,1.1577248154828745,1.244696741285797,19,0.016578987779620302,0.10355091358254276,-0.08697192580292246,1.2597909029476906,-0.11864507524443635
108-90-7,0.8386324780429594,0.6767613357359702,1.0455542766801815,13,-0.16187114230698918,0.20692179863722215,-0.36879294094421133,0.9988932898115028,-0.16026081176854345
108-95-2,1.0834288028938335,0.9192690372478046,1.065903860091833,59,-0.16415976564602885,-0.017524942802000565,-0.1466348228440283,1.0634128909065634,0.02001591198727004
110-82-7,1.509684561572203,1.1594982071579725,1.7103030114961826,7,-0.3501863544142305,0.2006184499239796,-0.5508048043382101,1.6535236651214826,-0.14383910354927965
110-83-8,0.7260147418827382,0.7732715067819986,1.0233909428407066,5,0.04725676489926045,0.29737620095796846,-0.250119436058708,0.7949182086035572,-0.06890346672081904
110-86-1,2.1818506795509913,1.7825441054413493,2.3452018082820287,12,-0.399306574109642,0.1633511287310374,-0.5626577028406794,2.276541646552501,-0.09469096700150947
111-42-2,1.5207121087692879,1.530195182412516,1.794164105533613,7,0.00948307364322809,0.2734519967643252,-0.2639689231210971,1.854438886868768,-0.33372677809948015
111-70-6,1.4730834183479429,0.9913407592894854,1.5798494535722927,10,-0.4817426590584575,0.1067660352243498,-0.5885086942828073,1.5363685252559278,-0.06328510690798494
111-87-5,0.6830340641806338,0.5527073573360236,0.6480920574350872,6,-0.13032670684461023,-0.034942006745546594,-0.09538470009906364,0.6198643630550154,0.06316970112561848
1114-71-2,0.7866366473703906,0.14787158006879583,0.7793988660373208,5,-0.6387650673015948,-0.007237781333069848,-0.6315272859685249,0.7986484430316804,-0.012011795661289737
114-07-8,0.3023834865320649,0.1484714547935644,0.8488457190845395,5,-0.15391203173850052,0.5464622325524746,-0.7003742642909752,0.9516189660706323,-0.6492354795385674
114-26-1,-1.5656582767040064,-0.8318847457659373,-1.2948456183409565,10,0.7337735309380691,0.2708126583630499,0.46296087257501917,-1.3889061000036291,-0.17675217670037724
115-09-3,-1.536707771690245,-1.8766919533476818,-1.3027663715957511,12,-0.3399841816574367,0.23394140009449393,-0.5739255817519306,-1.3159504862303408,-0.22075728545990425
115-29-7,-3.0778529078715398,-2.697060037878513,-2.8556167230972314,79,0.380792869993027,0.2222361847743084,0.15855668521871857,-3.01830299622427,-0.05954991164726975
115-32-2,-0.4922605344886674,-0.8703736130319609,-0.6148645615128956,12,-0.3781130785432935,-0.12260402702422818,-0.25550905151906533,-0.5406776758909703,0.048417141402302855
115-86-6,-0.17177853122621584,-0.5165093255511233,-0.1644618054323247,6,-0.34473079432490744,0.007316725793891143,-0.3520475201187986,-0.05565903441263735,-0.11611949681357848
116-06-3,-0.7770010894309951,-0.7456971895368549,-0.8915265162760925,13,0.031303899894140175,-0.11452542684509737,0.14582932673923754,-1.0,0.2229989105690049
117-80-6,-1.3266056962392017,-1.3657385661923847,-1.1564734607617815,15,-0.03913286995318299,0.17013223547742018,-0.20926510543060317,-1.2166299048517475,-0.10997579138745417
118-96-7,0.4583671003336456,0.037185135332048744,0.5764565346904701,7,-0.4211819650015968,0.11808943435682451,-0.5392713993584214,0.4530396876048763,0.0053274127287692985
1192-89-8,0.015680166161144204,-0.16634414469956166,-0.012401449366072827,5,-0.18202431086070586,-0.02808161552721703,-0.15394269533348884,-0.02996461518861533,0.045644781349759536
1194-65-6,0.8635051781937906,0.2917802665297724,0.8957482953014745,20,-0.5717249116640182,0.032243117107683905,-0.6039680287717021,0.8782400112130052,-0.014734833019214633
120-82-1,-0.1388643283977884,-0.10485729889574118,0.06434666469502376,8,0.03400702950204722,0.20321099309281215,-0.16920396359076495,-0.18047661029462791,0.04161228189683952
120-83-2,-0.3692176514298141,0.14714675427100166,0.4942126630732465,11,0.5163644057008158,0.8634303145030606,-0.34706590880224486,0.3611609951950261,-0.7303786466248402
120068-37-3,-2.5995859534482975,-2.1061413433935208,-2.137697122300545,12,0.4934446100547767,0.4618888311477525,0.03155577890702421,-2.337956173663287,-0.26162977978501045
1204-21-3,-1.2755545096022436,-1.1975556418255022,-1.2530224628494473,5,0.07799886777674137,0.022532046752796298,0.05546682102394507,-1.2725709569220378,-0.002983552680205781
121-14-2,0.028503077342079908,0.20527497489356047,0.6364716929833111,6,0.17677189755148057,0.6079686156412312,-0.4311967180897506,0.638230902086622,-0.6097278247445421
121-54-0,-0.49054758709676344,-0.2596452339207101,-0.41447276534140837,5,0.23090235317605334,0.07607482175535507,0.15482753142069827,-0.45866377821435933,-0.03188380888240411
121-69-7,1.120292807377829,0.794246428124984,1.3969606429728085,5,-0.3260463792528451,0.2766678355949794,-0.6027142148478245,1.36465599221971,-0.2443631848418808
121-75-5,-1.5264090904250174,-1.1818826930592625,-1.2060051761664616,94,0.34452639736575486,0.32040391425855574,0.02412248310719911,-1.5697152422183538,0.04330615179333641
121-82-4,0.8279870441494865,-0.26784991013125276,0.843881808522272,5,-1.0958369542807394,0.015894764372785475,-1.1117317186535247,0.8317086820881342,-0.0037216379386476595
12125-02-9,0.7786083491741191,1.093349109537511,1.1481466222225847,45,0.3147407603633918,0.36953827304846554,-0.05479751268507371,1.1611176994563615,-0.3825093502822423
122-14-5,-1.5082782753142074,-1.5881932492533049,-1.8881663936114066,38,-0.07991497393909741,-0.37988811829719915,0.29997314435810174,-1.7971482962422365,0.28887002092802905
122-34-9,-0.06469530819393032,0.3960890400652363,-0.23321391387474516,21,0.46078434825916664,-0.16851860568081484,0.6293029539399815,-0.4814860601221125,0.41679075192818216
122-42-9,0.9529261270260239,0.7805505962830331,0.9841525853195738,5,-0.17237553074299072,0.031226458293549975,-0.2036019890365407,0.990848501887865,-0.037922374861841135
123-54-6,1.8708772401634743,1.3904813672439549,1.8617936454069874,9,-0.48039587291951946,-0.009083594756486901,-0.47131227816303256,1.8750612633917,-0.004184023228225753
123-91-1,1.723857619102922,2.4293448651273675,2.8702681879696077,5,0.7054872460244455,1.1464105688666857,-0.44092332284224023,2.9394791756542933,-1.2156215565513713
12427-38-2,-0.3866590696858236,-0.6865572940072112,-0.19246804084676106,9,-0.29989822432138763,0.19419102883906253,-0.49408925316045016,-0.29047076360861224,-0.09618830607721135
126-73-8,0.4741152199812967,0.18690848997376802,0.8159879408798407,6,-0.28720673000752867,0.34187272089854404,-0.6290794509060726,0.3685963213523686,0.1055188986289281
127-18-4,0.26182489659330066,0.45788739796757494,0.7165753101573387,12,0.19606250137427428,0.454750413564038,-0.2586879121897637,0.4253961447617706,-0.16357124816846996
131-11-3,1.6126802786281536,1.2877683728913751,1.7167185930696736,8,-0.3249119057367784,0.10403831444152001,-0.4289502201782984,1.70892160626975,-0.09624132764159654
131-52-2,-0.8952472751422675,-0.9537607035914839,-0.8636370192797608,33,-0.058513428449216365,0.031610255862506764,-0.09012368431172313,-0.8905298951131411,-0.004717380029126472
1310-73-2,1.70279034334598,1.1160709588726776,1.7865729107827608,5,-0.5867193844733023,0.08378256743678092,-0.6705019519100832,1.7794905791640077,-0.07670023581802776
1313-82-2,-0.32848223924074726,0.16041567953378288,0.24829800711768862,13,0.48889791877453015,0.5767802463584359,-0.08788232758390574,0.16557544490311177,-0.49405768414385903
13138-45-9,0.48624380310020454,0.32581207539414164,0.7551587607958224,10,-0.1604317277060629,0.2689149576956179,-0.4293466854016808,0.7707211454103939,-0.2844773423101894
1314-62-1,-0.0005280363612841787,0.24191107335612558,0.08038472842978339,5,0.24243910971740976,0.08091276479106757,0.16152634492634219,0.1142567753958394,-0.11478481175712357
13171-21-6,-0.8491575085673642,-0.48801236437527656,-0.41502762969691315,26,0.3611451441920876,0.434129878870451,-0.07298473467836342,-0.40694379522833235,-0.4422137133390318
1327-53-3,0.936520803678349,0.1501505899550675,1.1218421318019027,14,-0.7863702137232815,0.18532132812355373,-0.9716915418468353,1.1042338954702327,-0.16771309179188365
133-06-2,-0.8463188907279914,-0.7477245561829267,-0.673483747562125,15,0.09859433454506472,0.17283514316586635,-0.07424080862080162,-0.7014005676816796,-0.1449183230463118
133-07-3,-0.5950159366284826,-0.8542584033181462,-0.5901815074442779,5,-0.25924246668966355,0.004834429184204736,-0.2640768958738683,-0.33655698173518,-0.2584589548933026
1333-82-0,0.09829997524068546,0.49686891729723526,-0.13436259255187255,9,0.3985689420565498,-0.232662567792558,0.6312315098491078,-0.17283033289264105,0.2711303081333265
13360-45-7,-0.09309382166178193,-0.20581206522328407,0.7194372928419044,7,-0.11271824356150215,0.8125311145036863,-0.9252493580651885,0.7397940008672038,-0.8328878225289857
134-20-3,1.09593388258358,0.7015135202931534,1.2241734726229065,5,-0.39442036229042665,0.1282395900393265,-0.5226599523297532,1.183438550967197,-0.08750466838361692
13410-01-0,0.11248533250855919,0.4188862428289706,0.2884627077249108,14,0.3064009103204114,0.1759773752163516,0.1304235351040598,0.30337011640243927,-0.19088478389388008
13463-41-7,-1.1267850403628343,-1.2648872567799463,-0.936709058311255,5,-0.13810221641711196,0.19007598205157938,-0.32817819846869134,-0.9884730859218637,-0.13831195444097066
13463-67-7,1.1595057571072838,1.126074619541281,1.1508836538163527,5,-0.0334311375660028,-0.008622103290931049,-0.02480903427507175,1.0784374596293007,0.08106829747798305
13464-37-4,0.38771366045417965,0.31881596566420434,0.3523332772984828,6,-0.06889769478997532,-0.03538038315569686,-0.03351731163427846,0.33226457857110786,0.055449081883071794
13593-03-8,-1.7418735887070143,-1.568787711161511,-0.6447811887819492,13,0.1730858775455033,1.097092399925065,-0.9240065223795617,-0.582295970944165,-1.1595776177628494
137-26-8,-1.9673727305758781,-1.1487785324255415,-1.4887453238076143,7,0.8185941981503366,0.4786274067682639,0.33996679138207275,-1.6387640052032224,-0.32860872537265573
137-30-4,-1.3472921314091049,-1.2414966283267606,-0.8863161941309163,9,0.10579550308234431,0.46097593727818853,-0.3551804341958442,-1.1756880311624998,-0.1716041002466051
13718-26-8,0.9692093777216473,0.5778381935547148,1.059188352723207,8,-0.3913711841669325,0.08997897500155982,-0.48135015916849233,1.1181766686478796,-0.1489672909262323
138261-41-3,-1.0218635528767304,-0.4441649444424846,-0.9072763283143712,18,0.5776986084342457,0.11458722456235915,0.4631113838718866,-0.9859239271225544,-0.035939625754175974
13863-41-7,-0.6967209593922259,-0.5209608735338487,-0.646495777201128,10,0.1757600858583772,0.05022518219109784,0.12553490366727937,-0.6575773191777937,-0.039143640214432174
140-66-9,-1.165954058986407,-0.8734642623497313,-1.0700584006980332,5,0.29248979663667574,0.09589565828837388,0.19659413834830186,-1.1370424729887851,-0.02891158599762189
1401-55-4,-0.7121684044159945,-1.1313732666297869,-0.47125485068235523,5,-0.4192048622137924,0.24091355373363926,-0.6601184159474316,-0.5102203689352678,-0.2019480354807267
141-66-2,-1.2581727080518759,-0.1414820933031158,-1.2264423197716734,8,1.11669061474876,0.03173038828020247,1.0849602264685576,-1.2712507288043473,0.013078020752471442
141-78-6,2.3882468198011395,1.9875376107626082,2.416646752551755,12,-0.40070920903853136,0.028399932750615697,-0.42910914178914705,2.4177999992175554,-0.029553179416415887
142-28-9,1.5293059602091639,1.2369768846138947,1.5503073533433,6,-0.2923290755952692,0.02100139313413618,-0.3133304687294054,1.4955443375464486,0.03376162266271532
1420-04-8,-1.26569155269512,-1.1767158517993197,-1.1812840689721076,26,0.08897570089580031,0.08440748372301243,0.004568217172787881,-1.171735890340235,-0.09395566235488495
1420-06-0,-1.0192408760107703,-0.7857394286795694,-0.8532660838505156,5,0.23350144733120093,0.16597479216025468,0.06752665517094625,-0.9250296996793157,-0.0942111763314546
143-33-9,-0.8653796833214011,-0.8668114464205092,-0.8445012673344298,9,-0.0014317630991080854,0.020878415986971377,-0.022310179086079462,-0.8484990582957778,-0.016880625025623375
143-50-0,-1.29996025392306,-1.1187348354905446,-1.1788753760196962,17,0.18122541843251527,0.12108487790336375,0.06014054052915152,-1.2580860938879312,-0.04187416003512867
144-55-8,2.9761177643745107,2.3453519981788036,3.0585479906786057,6,-0.6307657661957071,0.08243022630409502,-0.7131959924998021,2.9785420595511134,-0.0024242951766026977
14437-17-3,-2.7909763656145103,-1.899892342893607,-2.042725697465162,7,0.8910840227209034,0.7482506681493484,0.142833354571555,-2.4753835704147216,-0.3155927951997888
1445-75-6,2.669565219190197,1.747902811441525,2.753521006400229,7,-0.9216624077486721,0.08395578721003183,-1.005618194958704,2.716413136741321,-0.04684791755112405
14484-64-1,-0.9520481216632941,-1.0292767596133194,-1.01680407901265,9,-0.07722863795002533,-0.06475595734935591,-0.012472680600669417,-1.0457574905606752,0.09370936889738113
145-73-3,1.036215823837634,1.2149389116256224,1.6484458936642197,6,0.1787230877879884,0.6122300698265857,-0.4335069820385973,1.6837672614253116,-0.6475514375876776
149-30-4,-0.11941601717756123,-0.057019897726001634,-0.11485984072401212,6,0.062396119451559595,0.00455617645354911,0.057839942998010485,-0.2310904524633629,0.11167443528580168
150-68-5,1.3082108286352394,0.2476295825576405,1.1968975354427491,5,-1.060581246077599,-0.11131329319249028,-0.9492679528851087,1.212187604403958,0.09602322423128151
151-21-3,0.5350386705311885,0.42632579332928067,0.6860586110314364,41,-0.10871287720190781,0.15101994050024792,-0.2597328177021557,0.5440680443502757,-0.009029373819087194
151-50-8,-0.733956052420391,-1.0678767113967613,-0.6128751840339004,8,-0.33392065897637035,0.12108086838649057,-0.4550015273628609,-0.5486444279798753,-0.18531162444051563
15263-53-3,-1.2446892520334973,-1.133910538598034,-0.8483410227708517,7,0.11077871343546342,0.3963482292626457,-0.28556951582718226,-0.9440971814120526,-0.3005920706214448
153719-23-4,0.5496118588471477,0.6658728855905632,0.9322724628666161,5,0.11626102674341554,0.38266060401946844,-0.2663995772760529,0.9817977155870988,-0.43218585673995114
1563-66-2,-1.1552517087363863,-1.2172365764984414,-0.5074035219783526,33,-0.06198486776205514,0.6478481867580337,-0.7098330545200888,-0.6036978896188112,-0.5515538191175751
1582-09-8,-1.0544101563796096,-0.8538765256174273,-0.96052491146753,22,0.20053363076218222,0.0938852449120795,0.10664838585010272,-1.1968610022946964,0.14245084591508683
15972-60-8,-0.6804742854626483,-0.3095502266781176,-0.2968163193058454,15,0.3709240587845307,0.3836579661568029,-0.012733907372272202,-0.48990158000507794,-0.19057270545757038
1610-18-0,0.5557932762779862,0.36571187014605133,1.18247797462387,7,-0.19008140613193492,0.6266846983458838,-0.8167661044778187,1.0925706039737475,-0.5367773276957613
16752-77-5,-1.7424460888790108,-0.8332592333981301,-1.858943531721353,20,0.9091868554808806,-0.1164974428423422,1.0256842983232228,-1.966692983777106,0.22424689489809535
1836-75-5,-0.5242730737942861,-0.5322746912558881,-0.45199447731074194,12,-0.008001617461601995,0.07227859648354418,-0.08028021394514617,-0.6151934802419932,0.09092040644770705
1897-45-6,-1.4737520699698625,-1.423493232959698,-1.4069750055480232,20,0.050258837010164426,0.06677706442183928,-0.016518227411674857,-1.494850021680094,0.021097951710231433
1910-42-5,-0.743668153961377,-0.39451398691639394,-0.6603345020667831,25,0.34915416704498303,0.08333365189459385,0.2658205151503892,-0.4287813765895466,-0.31488677737183035
1912-24-9,-0.40547423062173005,-0.027645137236757465,-0.8652232354922208,54,0.37782909338497256,-0.45974900487049075,0.8375780982554634,-0.7192878621060633,0.3138136314843333
1918-00-9,1.3877439302399839,1.0836364184328438,1.7656085396211916,5,-0.30410751180714013,0.3778646093812077,-0.6819721211883478,1.7880036954155658,-0.4002597651755819
1929-73-3,0.00576201237575541,-0.22820836558884344,-0.0410213327116104,17,-0.23397037796459885,-0.04678334508736581,-0.18718703287723304,-0.07752801040644502,0.08329002278220043
1929-77-7,0.1091122052010215,0.09970746867085324,0.2925152019257847,8,-0.009404736530168253,0.18340299672476318,-0.19280773325493145,0.3242493315773403,-0.21513712637631882
19398-13-1,-0.20748196234141836,-0.34376626688976714,-0.05894013230026214,9,-0.13628430454834878,0.14854183004115623,-0.284826134589505,-0.26900692096635564,0.06152495862493729
19666-30-9,-0.3944775840986616,-0.5046674861428181,-0.07303863997155952,7,-0.11018990204415646,0.3214389441271021,-0.4316288461712586,-0.2596373105057561,-0.1348402735929055
19937-59-8,1.8464449593280488,1.0780678790217806,1.8981258206961287,6,-0.7683770803062682,0.05168086136807992,-0.8200579416743481,1.806179973983887,0.040264985344161675
2008-39-1,1.8203319433406167,1.4485907556297386,2.0821587034093123,12,-0.37174118771087805,0.26182676006869565,-0.6335679477795737,2.1593496344605425,-0.33901769111992586
2032-59-9,-1.5974677896881468,-0.37626192508876183,-1.0417631773523013,5,1.221205864599385,0.5557046123358456,0.6655012522635395,-1.537602002101044,-0.059865787587102925
2032-65-7,-1.1451767492874114,-0.8915202189953552,-0.43330481523413283,6,0.25365653029205626,0.7118719340532786,-0.45821540376122233,-0.8860566476931632,-0.25912010159424825
206-44-0,-1.4816781776626056,-1.3054402381720212,-1.448241999064555,7,0.17623793949058442,0.03343617859805059,0.14280176089253382,-1.2999546995653972,-0.18172347809720835
2104-64-5,-1.9390613760135076,-1.7329286256982561,-1.3907062702579127,13,0.20613275031525147,0.5483551057555949,-0.3422223554403434,-1.4510381730829196,-0.488023202930588
21087-64-9,-1.095570900219097,0.02309800911998498,-1.4372648603026528,8,1.118668909339082,-0.3416939600835558,1.4603628694226378,-1.5760693126943277,0.48049841247523073
210880-92-5,-0.011162428210036102,-0.17794380840552249,0.08904993496580953,7,-0.16678138019548638,0.10021236317584563,-0.266993743371332,-0.029719165932020467,0.018556737721984365
21564-17-0,-1.7923344370130443,-1.372322701017132,-1.581814275316043,5,0.42001173599591235,0.21052016169700138,0.20949157429891097,-1.7052862780493447,-0.08704815896369955
2163-80-6,1.8484404331181734,1.306707980007599,1.7033104523255918,9,-0.5417324531105745,-0.14512998079258166,-0.39660247231799284,1.8279327924248914,0.020507640693282037
2164-07-0,1.796580558228394,1.2752403090237492,1.8158416743871557,5,-0.5213402492046448,0.019261116158761693,-0.5406013653634065,1.7565654117909268,0.040015146437467175
2164-17-2,0.8128238933969588,0.1619442300022762,1.1730003188530673,8,-0.6508796633946826,0.3601764254561085,-1.0110560888507911,1.269877611708765,-0.4570537183118061
2212-67-1,-0.14416244749134843,0.3211571539713922,0.4022231738988277,17,0.46531960146274065,0.5463856213901761,-0.0810660199274355,-0.38301328501265675,0.2388508375213083
22936-75-0,-0.8113131351748619,-0.46208903318916356,0.15913443430435947,5,0.34922410198569837,0.9704475694792214,-0.6212234674935231,0.21527856577602567,-1.0265917009508876
2310-17-0,-0.7493992969673811,-1.0509601072174313,-0.899317015414857,7,-0.3015608102500502,-0.14991771844747592,-0.1516430918025743,-0.9253476350792533,0.17594833811187227
23103-98-2,-1.1720389242896958,0.6062325631555178,-1.6293437920246148,5,1.7782714874452137,-0.45730486773491896,2.2355763551801324,-1.7409246440675903,0.5688857197778945
23184-66-9,-0.6082559757265691,-0.5930501682254258,-0.27526280767894445,19,0.01520580750114331,0.33299316804762463,-0.3177873605464813,-0.3708231871438712,-0.2374327885826979
23564-05-8,0.9023328300275855,0.3640642120235132,1.0723781289722054,7,-0.5382686180040723,0.17004529894461995,-0.7083139169486923,1.0077894168285209,-0.10545658680093539
24017-47-8,-1.4190802182699938,-1.232483659755073,-1.3399099019379828,5,0.18659655851492074,0.07917031633201099,0.10742624218290975,-1.5424930617879664,0.12341284351797266
2425-06-1,-1.5534556421053856,-1.4215738753137028,-1.4627650723448429,9,0.13188176679168273,0.09069056976054268,0.04119119703114005,-1.5003653354743474,-0.0530903066310382
2439-00-1,0.7426346650532325,0.46035661003963696,0.7764243161032497,5,-0.28227805501359554,0.03378965105001719,-0.31606770606361273,0.7862776511885636,-0.04364298613533113
2597-03-7,-2.2729613361998737,-1.865736173669112,-2.133686642288695,15,0.4072251625307617,0.13927469391117864,0.26795046861958305,-2.3345745664228295,0.06161323022295573
26087-47-8,0.8126220183327332,0.014270034339547813,0.8916180943899269,7,-0.7983519839931854,0.07899607605719372,-0.8773480600503791,0.858530569169106,-0.0459085508363728
2642-71-9,-2.662611610577824,-2.210023562985739,-2.5288330326131923,5,0.45258804759208493,0.13377857796463166,0.31880946962745327,-2.535674018211279,-0.126937592366545
2702-72-9,2.4375953336796243,1.282539415139693,2.6428553927195617,8,-1.1550559185399314,0.20526005903993738,-1.3603159775798688,2.6321061498532363,-0.194510816173612
2764-72-9,0.2830735417842005,0.19500973517958614,0.8395152574349811,5,-0.08806380660461438,0.5564417156507806,-0.644505522255395,0.8463949907421162,-0.5633214489579157
2795-39-3,1.304043354735,0.6606060645594465,1.2608234589148686,8,-0.6434372901755536,-0.043219895820131526,-0.6002173943554221,1.2775409104807107,0.02650244425428938
28249-77-6,-0.11812196209865322,-0.41136445559435614,-0.010509694271040145,19,-0.2932424934957029,0.10761226782761307,-0.400854761323316,-0.11175864145573401,-0.00636332064291921
2921-88-2,-3.0291496949514007,-2.443942501311474,-3.301254900483,64,0.5852071936399268,-0.2721052055315991,0.8573123991715259,-3.362002860034225,0.33285316508282436
29232-93-7,-2.2371312119309774,-1.5429663479589537,-2.285046865042319,9,0.6941648639720237,-0.047915653111341605,0.7420805170833653,-2.4137697396420505,0.17663852771107313
29420-49-3,3.005067293904082,2.1810070478339227,3.1638471543159046,5,-0.8240602460701592,0.15877986041182268,-0.9828401064819818,3.1871289872590873,-0.18206169335500544
298-00-0,-1.3192098555481717,-1.6094531548660596,-1.6524444028633607,49,-0.29024329931788784,-0.333234547315189,0.04299124799730114,-1.5788818035879308,0.2596719480397591
298-02-2,-2.827603845046505,-1.9263764369665337,-2.4166813418602566,6,0.9012274080799714,0.41092250318624846,0.4903049048937229,-2.494850021680094,-0.3327538233664109
298-04-4,-0.887395222279729,-1.0338089259387755,-0.8580000915367774,10,-0.1464137036590465,0.029395130742951636,-0.17580883440199813,-1.1274156350379592,0.24002041275823016
298-46-4,1.5112990756518252,0.792959633642489,1.7643928364136454,6,-0.7183394420093362,0.2530937607618202,-0.9714332027711564,1.563747635729709,-0.0524485600778839
299-84-3,-0.3908471070486338,-0.46356751274203384,-0.38060624677806065,9,-0.07272040569340005,0.010240860270573138,-0.08296126596397319,-0.4089353929735008,0.018088285924866998
299-86-5,1.4450167190399814,0.2183023324724905,1.289937333136466,6,-1.226714386567491,-0.15507938590351533,-1.0716350006639757,1.4313637641589874,0.01365295488099405
300-76-5,-2.240457905401694,-1.379926473086223,-2.4149143654408065,13,0.8605314323154711,-0.1744564600391123,1.0349878923545834,-2.7051147852382322,0.46465687983653803
301-04-2,0.3007599444223755,0.2565597185719129,0.43355030773081926,9,-0.04420022585046263,0.13279036330844374,-0.17699058915890636,0.45444039967224426,-0.15368045524986873
302-01-2,-1.0153822119367102,-0.3063427471278948,-0.5810587255690205,6,0.7090394648088154,0.4343234863676897,0.2747159784411257,-0.7585632081956231,-0.2568190037410871
30560-19-1,-0.14917457969898051,1.0001498384367824,1.0056512760461205,10,1.149324418135763,1.154825855745101,-0.005501437609338078,0.8938882373611604,-1.0430628170601408
309-00-2,-2.1648383476440656,-1.6960121958274683,-1.7828973966161739,44,0.46882615181659726,0.3819409510278917,0.08688520078870554,-1.834139245433795,-0.33069910221027055
315-18-4,-2.0552679076557396,-0.6174468066967654,-1.7685975378896122,6,1.437821100958974,0.2866703697661275,1.1511507311928466,-1.8860566476931635,-0.16921125996257613
31557-34-3,0.32485383068277784,-0.05631769723006007,0.46958740150205236,6,-0.3811715279128379,0.14473357081927452,-0.5259050987321124,0.4623979978989561,-0.13754416721617824
319-84-6,-0.7276420813892883,-0.7089587312999251,-0.20731508708270222,8,0.01868335008936317,0.5203269943065861,-0.501643644217223,-0.8820547487491526,0.15441266735986425
3251-23-8,-0.8808954694403788,-1.0221867650610303,-0.8545438799824455,15,-0.14129129562065157,0.026351589457933255,-0.16764288507858482,-0.9476614859755076,0.06676601653512881
330-54-1,-0.6314447148251022,-0.43436871878661637,-0.6891052148055071,28,0.19707599603848586,-0.0576604999804049,0.25473649601889076,-0.41349100377932974,-0.2179537110457725
33213-65-9,-2.1394728208726246,-2.2231311665742326,-2.09762271256039,6,-0.08365834570160802,0.04185010831223446,-0.12550845401384247,-2.2596373105057563,0.12016448963313175
333-41-5,-1.5703929926296738,-1.3574376436355025,-1.9379519748128797,61,0.21295534899417135,-0.36755898218320593,0.5805143311773773,-1.8979400086720375,0.3275470160423637
335-67-1,2.0444471358391594,1.2040201371657306,2.0955329626601067,7,-0.8404269986734287,0.05108582682094731,-0.891512825494376,2.043312265945925,0.0011348698932343027
3380-34-5,-1.0069918537648825,-1.1987976996078413,-0.941559654843263,5,-0.1918058458429588,0.06543219892161956,-0.25723804476457834,-1.0235395306722601,0.016547676907377573
3383-96-8,-1.5338868232247107,-1.2320665273995521,-0.6041055329754286,15,0.30182029582515857,0.9297812902492821,-0.6279609944241236,-0.6507654959571522,-0.8831213272675585
34256-82-1,-0.936678061897705,-0.35185857305299756,-0.28299035816461726,7,0.5848194888447074,0.6536877037330877,-0.0688682148883803,-0.7166245511197178,-0.22005351077798718
34643-46-4,0.4973874172757685,-0.3437218877828793,0.5878196628485541,5,-0.8411093050586478,0.09043224557278562,-0.9315415506314335,0.5418539921951662,-0.04446657491939765
35367-38-5,-3.4401658306822425,-0.7907268263917097,-2.1852802884868567,6,2.649439004290533,1.2548855421953857,1.3945534620951472,-3.130768280269024,-0.30939755041321826
35400-43-2,-1.050296105519551,-0.9299085350906571,0.6151207498989466,6,0.12038757042889392,1.6654168554184976,-1.5450292849896037,0.7075701760979364,-1.7578662816174875
3698-83-7,-1.4072512229323695,-1.3043416297678003,-1.3738153473281485,5,0.10290959316456916,0.03343587560422101,0.06947371756034815,-1.3698421140716348,-0.037409108860734674
3766-81-2,-0.8044508073914056,-0.8242428939240714,-0.4206743928005967,9,-0.01979208653266573,0.3837764145908089,-0.40356850112347464,-0.5493323989347785,-0.25511840845662714
3844-45-9,2.5939536292935768,1.3173366815901641,2.725164296357732,5,-1.2766169477034126,0.1312106670641553,-1.407827614767568,2.675352971400048,-0.08139934210647137
38641-94-0,0.6837304189503628,0.5979429096311205,0.9837822583268654,33,-0.08578750931924228,0.3000518393765026,-0.3858393486957449,0.9511203168521019,-0.26738989790173906
40596-69-8,-0.5593966391375822,-0.26323056147320995,-0.3384401278354102,5,0.29616607766437225,0.22095651130217198,0.07520956636220028,-0.5228787452803376,-0.03651789385724458
41198-08-7,-2.7229980501397986,-1.9181923884163365,-2.372475712901446,11,0.804805661723462,0.3505223372383526,0.45428332448510944,-2.4522252946121776,-0.2707727555276209
4685-14-7,0.45739066403440914,-0.42300454247355285,0.656410284759164,17,-0.880395206507962,0.19901962072475482,-1.0794148272327169,0.6609819221893009,-0.2035912581548917
470-90-6,-1.896841302330945,-1.4617448927874164,-1.3258777005708187,10,0.4350964095435286,0.5709636017601263,-0.1358671922165977,-1.5133844522451847,-0.38345685008576025
481-39-0,-1.469264040761134,-1.3204278655757078,-1.483595903774895,9,0.14883617518542613,-0.014331863013760993,0.16316803819918713,-1.4782334109845534,0.008969370223419482
50-00-0,1.3015998442277166,1.1004047633846004,1.5387136638696763,28,-0.20119508084311621,0.23711381964195977,-0.438308900485076,1.3471995768183587,-0.045599732590642095
50-29-3,-2.599007126021976,-2.367969294729642,-2.4153190202586883,71,0.2310378312923338,0.18368810576328753,0.04734972552904626,-2.5228787452803374,-0.07612838074163841
500-28-7,0.10206986140222354,-0.47234370221360594,0.21307053388140695,5,-0.5744135636158295,0.11100067247918341,-0.6854142360950128,0.21924291706928106,-0.11717305566705752
51-28-5,0.49775534244100794,0.29377724305490716,0.5926318398433157,13,-0.2039780993861008,0.09487649740230775,-0.29885459678840853,0.5232823671058628,-0.025527024664854903
51218-45-2,-0.6055775248859003,0.1491380172603095,0.03968294191422707,7,0.7547155421462098,0.6452604668001274,0.10945507534608244,-0.5563111642960309,-0.04926636058986944
51235-04-2,0.19348040144747647,0.4153452564660602,-0.3738443604390572,14,0.22186485501858372,-0.5673247618865337,0.7891896169051174,-0.35176579620271,0.5452461976501864
5137-55-3,-1.3728728891060409,-1.5650571910094393,-1.1267061673075545,5,-0.1921843019033984,0.24616672179848642,-0.43835102370188483,-1.139844251729321,-0.23302863737671986
51630-58-1,-3.226405833706128,-3.3248654755969773,-2.928410435396422,26,-0.09845964189084944,0.2979953983097059,-0.39645504020055533,-2.931916007951163,-0.29448982575496485
518-47-8,2.9137092865090986,1.945710821381588,2.996676656281687,6,-0.9679984651275106,0.08296736977258856,-1.0509658349000992,2.9987387162558177,-0.08502942974671912
52-68-6,-0.889636315554477,-0.7500385852504499,-0.5594218365428578,35,0.1395977303040271,0.33021447901161916,-0.19061674870759204,-0.5321693289248024,-0.3574669866296746
52315-07-8,-3.6138919464843653,-3.4786164273760316,-3.595558848238796,35,0.13527551910833369,0.018333098245569168,0.11694242086276452,-3.4796790967036744,-0.13421284978069092
52645-53-1,-2.65102799092145,-2.712332565977273,-2.5200680204058608,36,-0.06130457505582321,0.13095997051558905,-0.19226454557141226,-2.567030709125594,-0.08399728179585564
52918-63-5,-4.221563717353087,-3.6814648289489944,-4.12113237201222,26,0.5400988884040925,0.1004313453408665,0.439667543063226,-4.301029995663981,0.07946627831089437
534-52-1,-0.5866889951098342,-0.4768826426397068,-0.5143521824677924,6,0.10980635247012738,0.07233681264204184,0.03746953982808554,-0.579381025312118,-0.007307969797716196
53404-31-2,-0.14738548475646787,-0.506005010312266,-0.11407750441159521,7,-0.3586195255557981,0.03330798034487266,-0.39192750590067077,-0.1516328196974258,0.004247334940957942
54-64-8,0.7683520112999648,0.2522411404750827,0.8086103063917287,6,-0.516110870824882,0.04025829509176393,-0.556369165916646,0.7520484478194386,0.016303563480526195
541-73-1,0.7834387463732959,0.6374034460179446,0.8106107397356946,7,-0.14603530035535128,0.027171993362398728,-0.17320729371775,0.7706466994541689,0.012792046919127054
542-75-6,0.21807541005033446,0.09360787686693589,0.3134745866178895,6,-0.12446753318339857,0.09539917656755506,-0.21986670975095363,0.3278792867106791,-0.10980387666034466
55-38-9,-1.6305380614885574,-1.5370610965282854,-1.6928646130128964,45,0.09347696496027202,-0.06232655152433897,0.155803516484611,-1.86511654916953,0.23457848768097267
55-63-0,0.47649274695951577,0.25020507830654914,0.49714213133274326,10,-0.22628766865296662,0.020649384373227497,-0.24693705302619412,0.5509294630696748,-0.07443671611015906
55285-14-8,-0.8588098995392393,-1.0389404176953176,-0.8399584919992371,6,-0.1801305181560784,0.01885140754000214,-0.19898192569608053,-0.8507808873446201,-0.008029012194619156
55335-06-3,0.7432569815710057,0.8480527712586295,0.8624672473689272,8,0.10479578968762382,0.11921026579792149,-0.01441447611029767,0.8818745991112122,-0.13861761754020652
554-00-7,0.48778749287142714,0.30016697165745343,0.7053302027868775,7,-0.1876205212139737,0.21754270991545038,-0.4051632311294241,0.6055327940777905,-0.11774530120636334
55635-13-7,2.2549513368689875,1.3091223161856032,2.26091377736661,5,-0.9458290206833844,0.005962440497622623,-0.951791461181007,2.272936543454702,-0.017985206585714675
5598-13-0,-3.305577071035932,-1.8471181209255882,-2.932689228060044,8,1.4584589501103435,0.37288784297588773,1.0855711071344558,-3.1119046383608384,-0.19367243267509338
56-23-5,1.449949501691518,1.1917703708689587,1.8070914217900897,6,-0.2581791308225594,0.3571419200985717,-0.6153210509211311,1.385606273598312,0.06434322809320614
56-35-9,-1.9668120884317315,-2.3399006324288005,-1.8986551480395426,21,-0.37308854399706903,0.06815694039218889,-0.4412454843892579,-1.8860566476931635,-0.080755440738568
56-38-2,-1.857673066673662,-1.791751998727125,-1.8517967985050339,39,0.06592106794653696,0.005876268168628185,0.060044799777908775,-1.9652165864453492,0.10754351977168719
56-72-4,-2.0367811511557115,-1.9513954901447144,-0.9808415216762487,15,0.0853856610109971,1.0559396294794627,-0.9705539684684656,-1.185613329185514,-0.8511678219701975
563-12-2,-2.453249988805494,-1.6508846537744666,-2.4723958025070627,14,0.8023653350310274,-0.01914581370156876,0.8215111487325961,-2.518046800471169,0.06479681166567497
569-64-2,-1.474831689608454,-1.00072868661957,-0.8119834847627156,14,0.47410300298888397,0.6628482048457383,-0.18874520185685428,-0.8458555119873952,-0.6289761776210587
57-13-6,1.9999794768661434,1.8835967758771237,2.4280670455733366,8,-0.1163827009890197,0.4280875687071932,-0.5444702696962129,1.9787246951535131,0.02125478171263029
57-14-7,0.8620842230762924,0.7088525255898956,1.00321387900548,5,-0.15323169748639676,0.1411296559291877,-0.29436135341558445,0.9585753998725446,-0.09649117679625219
57-74-9,-1.7089231715208888,-1.518770531568046,-1.5212092493877718,18,0.19015263995284282,0.187713922133117,0.002438717819725822,-1.3962826398075798,-0.31264053171330897
57213-69-1,2.1566253058055227,1.4922745827921604,2.4617547890752283,9,-0.6643507230133623,0.30512948326970557,-0.9694802062830679,2.3128349868123323,-0.15620968100680965
58-89-9,-1.7369016714782617,-1.5721184725196478,-1.5914906665373845,66,0.16478319895861393,0.14541100494087722,0.01937219401773671,-1.5936344114900522,-0.14326725998820944
58-90-2,-0.9441029813029217,-0.5118650276655754,-0.4806252415304882,5,0.4322379536373463,0.4634777397724335,-0.03123978613508721,-0.5741513624245907,-0.36995161887833095
584-79-2,-1.7808812258199018,-1.9054829559887347,-1.7131692760780326,6,-0.12460173016883291,0.06771194974186923,-0.19231367991070214,-1.6989700043360187,-0.08191122148388308
5915-41-3,-0.055685798178132795,-0.32405512212527454,0.1388791646710782,7,-0.26836932394714175,0.194564962849211,-0.46293428679635273,0.1921319400242453,-0.2478177382023781
59756-60-4,-0.03429645815241955,0.3062507253495487,0.6236848093679288,11,0.3405471835019683,0.6579812675203484,-0.3174340840183801,0.6197248865057443,-0.6540213446581639
60-51-5,-0.9586573304682158,-0.4560958671022189,-0.49759050925403064,21,0.5025614633659969,0.46106682121418513,0.041494642151811756,-0.3979400086720376,-0.5607173217961782
60-57-1,-2.2210413203263695,-2.01301013784675,-2.209101502992926,48,0.2080311824796195,0.011939817333443514,0.19609136514617598,-2.181822064933956,-0.039219255392413555
602-01-7,-0.048297101839966966,-0.23392982857543795,0.0379144212174467,5,-0.185632726735471,0.08621152305741367,-0.2718442497928847,-0.007017741982703635,-0.04127935985726333
60207-90-1,0.0737716511920366,-0.19004201952553254,0.23915917954752558,5,-0.2638136707175691,0.16538752835548898,-0.4292011990730581,0.18470880108262416,-0.11093714989058756
608-73-1,-1.5115968499990196,-1.2344807416469517,-1.4043410888833328,18,0.2771161083520679,0.1072557611156868,0.1698603472363811,-1.4957372458178861,-0.015859604181133413
608-93-5,-0.2514230505538751,-0.6137844378468867,-0.268046960919776,7,-0.36236138729301165,-0.016623910365900885,-0.34573747692711077,-0.0749540723731384,-0.1764689781807367
61-73-4,0.4784604706894575,0.040013216754665994,1.246864803164261,13,-0.4384472539347915,0.7684043324748036,-1.206851586409595,1.150014004446472,-0.6715535337570144
61-82-5,1.805906710482693,1.3139589001654293,1.8994896174335247,10,-0.49194781031726365,0.09358290695083182,-0.5855307172680955,1.9010299956639813,-0.09512328518128843
61949-76-6,-2.308323425533455,-2.4681681615301243,-2.2399297005759493,5,-0.15984473599666948,0.06839372495750551,-0.228238460954175,-2.2616555775278364,-0.046667848005618406
62-38-4,-1.626022949718445,-1.8909604021966502,-1.4210376733025416,8,-0.2649374524782051,0.20498527641590347,-0.4699227288941086,-1.451715125854156,-0.174307823864289
62-53-3,0.1829677238820555,0.9439243693270875,-0.2725792803672084,15,0.7609566454450319,-0.4555470042492639,1.2165036496942958,-0.24111854262454835,0.42408626650660386
62-73-7,-1.2075502532794895,-1.116026921012199,-0.9676007022777722,61,0.09152333226729059,0.23994955100171733,-0.14842621873442674,-0.9749340147049887,-0.23261623857450076
63-25-2,-1.0840286232892322,-1.0481170564139244,-1.4658213170987373,94,0.03591156687530783,-0.3817926938095051,0.4177042606848129,-1.4908481442916306,0.4068195210023984
634-90-2,-0.25182583695333066,-0.11144475855478427,0.03275467771354523,5,0.1403810783985464,0.2845805146668759,-0.14419943626832948,0.016328282971553865,-0.2681541199248845
64-17-5,2.255210447888549,2.7692667860811273,2.911936899655974,10,0.5140563381925785,0.6567264517674252,-0.1426701135748467,2.7061114611776205,-0.4509010132890716
64-19-7,1.7954445777114247,1.3750863934193007,1.6891369738117745,9,-0.420358184292124,-0.10630760389965022,-0.3140505803924738,1.763826445997119,0.03161813171430583
640-15-3,0.39582456133818394,-0.06320096542375388,0.5529313078232427,5,-0.4590255267619378,0.1571067464850588,-0.6161322732469966,0.5103120994441618,-0.11448753810597784
64700-56-7,-0.2393861337271259,-0.5911681543426099,-0.094488984315422,8,-0.351782020615484,0.1448971494117039,-0.4966791700271879,-0.12465162197638076,-0.11473451175074513
6491-02-7,-0.8778642098930318,-0.9396984779493484,-0.7641194165770993,11,-0.06183426805631653,0.11374479331593257,-0.1755790613722491,-0.7772835288524167,-0.10058068104061513
6515-38-4,-1.5420875812182036,-1.3039162458262523,0.18595677615500422,7,0.23817133539195123,1.7280443573732078,-1.4898730219812566,0.1919275082652062,-1.7340150894834097
66230-04-4,-3.848765822927759,-3.503757090201931,-3.7085275766229118,8,0.345008732725828,0.14023824630484727,0.20477048642098072,-3.792639300772334,-0.05612652215542502
66841-25-6,-3.1947365650207513,-2.789676118540228,-2.8535544479472135,5,0.4050604464805234,0.34118211707353785,0.06387832940698557,-2.970150694879986,-0.22458587014076548
67-56-1,2.7564443103015805,2.93576237331639,3.629033827035611,11,0.17931806301480924,0.8725895167340303,-0.693271453719221,3.397940008672037,-0.6414956983704565
67-63-0,3.5049463803568837,2.8433845520687346,3.7322203030760437,6,-0.661561828288149,0.22727392271916003,-0.888835751007309,3.690196080028514,-0.18524969967163019
67-64-1,2.065740827435728,2.668540727517682,3.1108960173078004,19,0.6027999000819539,1.0451551898720726,-0.4423552897901186,3.707714746761371,-1.6419739193256433
67-66-3,1.4417262565069313,1.3694709320449034,1.5820197050181606,14,-0.07225532446202787,0.14029344851122927,-0.21254877297325714,1.581410738580742,-0.1396844820738108
67-72-1,0.20139506842220295,-0.10922003236088247,0.1197334525446958,13,-0.3106151007830854,-0.08166161587750714,-0.22895348490557826,0.18625625014203226,0.01513881828017069
67375-30-8,-3.475379585574985,-2.48380525961364,-2.6319910250400693,7,0.991574325961345,0.8433885605349158,0.14818576542642914,-3.5086426044434935,0.033263018868508354
67485-29-4,-3.712358997641995,-1.8529819285916969,-3.6677736123735163,5,1.859377069050298,0.04458538526847855,1.8147916837818194,-3.7850001516354577,0.07264115399346283
68-12-2,3.5907066128027822,2.6722465029477593,3.6297748255705984,5,-0.9184601098550229,0.039068212767816135,-0.957528322622839,3.732025070549064,-0.14131845774628182
68359-37-5,-4.316025859629393,-3.56618308925787,-3.9346940529344847,8,0.7498427703715231,0.3813318066949085,0.3685109636766146,-4.008959504704666,-0.3070663549247268
69-05-6,1.6650468773836602,0.6009004444604754,1.9440947587264075,6,-1.064146432923185,0.2790478813427473,-1.343194314265932,1.845098040014257,-0.18005116263059673
6923-22-4,0.3025201387399855,-0.37015668168248966,0.5081980750554682,13,-0.6726768204224751,0.2056779363154827,-0.8783547567379579,0.3819775503374813,-0.07945741159749581
69409-94-5,-3.044774486561085,-3.01163462609645,-2.6015958293496877,5,0.03313986046463491,0.4431786572113974,-0.41003879674676247,-2.9272607943742788,-0.1175136921868063
70124-77-5,-3.091928798035408,-3.32238321924878,-2.8256301616931356,5,-0.23045442121337167,0.2662986363422726,-0.49675305755564425,-2.873740028048423,-0.21818876998698533
709-98-8,0.3215043272683522,-0.2634891595609434,0.5669144279637384,25,-0.5849934868292956,0.24541010069538616,-0.8304035875246818,0.4560469783588119,-0.1345426510904597
71-23-8,3.339588181475281,2.518731742624928,3.373725184463266,11,-0.820856438850353,0.03413700298798483,-0.8549934418383378,3.397940008672037,-0.05835182719675602
71-43-2,1.4147220793272606,1.2108339202629874,1.52046217279604,23,-0.20388815906427316,0.10574009346877933,-0.3096282525330525,1.3463266157378686,0.06839546358939197
71-55-6,1.575498470737477,1.1809577488293685,1.6719299840504231,8,-0.3945407219081085,0.09643151331294608,-0.4909722352210546,1.7067584472664317,-0.1312599765289546
7173-51-5,-1.0336115464170632,-0.971470362566558,-0.99859948559891,10,0.062141183850505155,0.03501206081815322,0.02712912303235193,-1.0251971425829143,-0.008414403834148931
72-20-8,-3.400339622833039,-3.029114222428267,-3.217781945839391,57,0.37122540040477237,0.18255767699364833,0.18866772341112403,-3.2187982502456447,-0.18154137258739445
72-43-5,-2.15570501085309,-2.1755929241180416,-2.0873040686708833,39,-0.01988791326495143,0.06840094218220694,-0.08828885544715837,-2.1816806758379883,0.025975664984898117
72-54-8,-2.5205152813270435,-1.8536457359772363,-2.3669614855835794,9,0.6668695453498072,0.15355379574346406,0.5133157496063432,-2.387175251448995,-0.1333400298780485
7287-19-6,-0.28154424636383213,-0.4243055696791136,0.16002465250766457,8,-0.14276132331528146,0.4415688988714967,-0.5843302221867781,0.16925931402273825,-0.4508035603865704
732-11-6,-1.4726166803809468,-1.3112061842116027,-1.24405166697152,16,0.1614104961693441,0.2285650134094268,-0.0671545172400827,-1.3772436660929248,-0.09537301428802203
74-83-9,0.22491292772130766,0.11592084551089477,0.14038051527424159,5,-0.1089920822104129,-0.08453241244706608,-0.02445966976334682,0.2251831336338041,-0.0002702059124964351
74051-80-2,0.21344416455958204,-0.12358746433173443,0.5070410655714576,6,-0.33703162889131644,0.2935969010118755,-0.630628529903192,0.2304489213782739,-0.017004756818691874
741-58-2,-0.34739180533763314,-0.641521296397412,-0.09308585306981676,5,-0.2941294910597788,0.2543059522678164,-0.5484354433275952,-0.20831171623965405,-0.1390800890979791
7439-92-1,0.09407812289940476,0.1243362843288211,0.026033198002479302,8,0.03025816142941634,-0.06804492489692546,0.0983030863263418,0.08112691971892708,0.012951203180477683
7440-02-0,0.38048961516686997,0.1607990010343731,0.6444899797592859,11,-0.21969061413249685,0.26400036459241594,-0.4836909787249128,0.6739004055215186,-0.2934107903546487
7440-43-9,-0.7312704924577849,-0.80561553011297,-1.0264425359808633,39,-0.07434503765518519,-0.29517204352307846,0.22082700586789328,-0.8394224762088227,0.10815198375103785
7440-47-3,-0.3654874560513749,0.25143758865876925,-0.16258023243837144,21,0.6169250447101442,0.20290722361300345,0.4140178210971407,-0.600576203518622,0.23508874746724706
7440-66-6,-0.2041030147103755,-0.07178654351901755,0.12262562542946123,33,0.13231647119135798,0.3267286401398367,-0.1944121689484788,0.16147858453177666,-0.36558159924215217
7446-08-4,0.7391826818702175,0.3272927650857304,0.6358150465976438,6,-0.4118899167844871,-0.10336763527257375,-0.30852228151191335,0.7067177823367587,0.03246489953345877
7446-18-6,-0.09409483093387627,-0.2917561109778698,0.22755737479428187,8,-0.19766128004399353,0.3216522057281581,-0.5193134857721516,0.13739339368180686,-0.23148822461568314
7446-70-0,0.6852484558146201,0.6929736977167588,0.8647050158375449,6,0.007725241902138635,0.17945656002292476,-0.17173131812078613,0.7299992621667393,-0.044750806352119143
7447-39-4,-1.3923644636928454,-0.8634704102384876,-1.2603494889898763,48,0.5288940534543578,0.13201497470296908,0.3968790787513887,-1.425372561100363,0.033008097407517534
7447-40-7,1.8322782841208558,2.2951075907755842,1.48955465223258,20,0.46282930665472843,-0.3427236318882758,0.8055529385430042,1.4477302653356094,0.38454801878524636
7487-88-9,2.9521635889339284,2.4173353002884848,3.024821703408372,5,-0.5348282886454436,0.07265811447444381,-0.6074864031198874,3.0490261621539276,-0.09686257321999925
7487-94-7,-1.5106390931826328,-1.4197846010051531,-1.4843483836121552,86,0.09085449217747965,0.026290709570477633,0.06456378260700202,-1.4482372490872197,-0.06240184409541305
75-05-8,3.09408379456844,2.518155220668522,3.071621133136609,5,-0.575928573899918,-0.022462661431831066,-0.553465912468087,3.008475719627975,0.08560807494046463
75-09-2,2.1549006935760717,1.4554767848481134,2.1312732785065625,10,-0.6994239087279583,-0.023627415069509272,-0.6757964936584491,2.0343464147427115,0.12055427883336023
75-25-2,0.2396262566095615,0.9132932529121847,0.8220207036958505,5,0.6736669963026232,0.582394447086289,0.09127254921633421,0.8192579830122553,-0.5796317264026938
75-99-0,1.2192310528888624,1.506821871042733,1.2895986609425432,7,0.28759081815387066,0.07036760805368081,0.21722321010018986,1.2919865214219775,-0.0727554685331151
759-94-4,0.5097375335063105,0.4389049446640157,0.7659406078749142,5,-0.07083258884229476,0.2562030743686038,-0.32703566321089855,0.7588876101136574,-0.2491500766073469
76-01-7,0.7230784291542758,0.5249940676168007,0.982036750770775,6,-0.1980843615374751,0.25895832161649923,-0.45704268315397434,0.8215135284047732,-0.09843509925049743
76-44-8,-1.6512117534313602,-1.7252548479504046,-1.5583111458552266,34,-0.07404309451904445,0.09290060757613361,-0.16694370209517806,-1.57775556305323,-0.07345619037813012
7631-99-4,2.8099398423388777,2.2638749456380265,2.736456688002636,14,-0.5460648967008512,-0.07348315433624153,-0.4725817423646097,2.857651104666239,-0.047711262327361226
7632-00-0,0.9633334306174498,0.9717387719986695,1.0483831949120666,45,0.008405341381219733,0.08504976429461675,-0.07664442291339701,0.9711767799519337,-0.00784334933448394
7646-79-9,0.4928096563066199,0.4086165612147681,0.4794850845062192,9,-0.0841930950918518,-0.013324571800400697,-0.0708685232914511,0.4147495123135373,0.07806014399308259
7646-85-7,-0.3908900198277652,-0.2497801789417613,-0.476089533028882,42,0.14110984088600392,-0.0851995132011168,0.22630935408712072,-0.469642330235843,0.07875231040807779
7647-14-5,3.1273667367572324,2.8747904269805544,3.127425567648266,16,-0.252576309776678,5.883089103342343e-05,-0.2526351406677114,3.1398942096936833,-0.012527472936450845
7647-15-6,3.986080728300826,3.002972916161511,3.8517512028826224,8,-0.9831078121393153,-0.13432952541820375,-0.8487782867211116,3.9814900057858,0.004590722515026346
7664-41-7,0.4911276849651455,0.9051351321038267,0.7488500841956768,12,0.4140074471386812,0.2577223992305313,0.1562850479081499,0.5759724490966355,-0.08484476413149
7664-93-9,1.6589745223327268,0.9888402955706054,1.6375013077652474,6,-0.6701342267621214,-0.021473214567479415,-0.648661012194642,1.6283889300503116,0.030585592282415197
76703-62-3,-5.293920515213287,-3.751028469014813,-4.929161764155006,6,1.542892046198474,0.3647587510582815,1.1781332951401926,-5.047102059816066,-0.24681845539722147
7681-52-9,-1.143650090068679,-0.8551776343134722,-0.8448465447731593,9,0.28847245575520686,0.29880354529551967,-0.01033108954031281,-0.8543279668345614,-0.28932212323411766
77-47-4,-1.2752225978375766,-1.1837354797363708,-1.0235563412435622,6,0.0914871181012058,0.2516662565940144,-0.16017913849280863,-0.9933603514438079,-0.2818622463937688
77-73-6,0.7162410476763723,0.2830844851984898,0.821560758132315,9,-0.43315656247788253,0.10531971045594268,-0.5384762729338253,0.862013295601123,-0.14577224792475074
77-75-8,3.013379142842656,1.8894259567415161,3.01390208591852,9,-1.1239531861011398,0.0005229430758642017,-1.124476129177004,3.0207169617461185,-0.007337818903462523
7705-08-0,0.9164715506869168,0.6901157375849117,1.3975450110310434,9,-0.22635581310200503,0.4810734603441267,-0.7074292734461317,1.3322360974547074,-0.4157645467677906
7718-54-9,0.4908687705125292,0.14003165776812998,0.4820091409835027,24,-0.3508371127443992,-0.00885962952902647,-0.34197748321537275,0.4452829408415041,0.04558582967102509
7722-64-7,0.18287290845086257,-0.3343819832683725,0.17672266770701525,9,-0.517254891719235,-0.006150240743847318,-0.5111046509753877,0.24226661625893037,-0.0593937078080678
7723-14-0,-1.8301852324862613,-1.4505308857509496,-1.7441403011436025,7,0.37965434673531173,0.08604493134265878,0.29360941539265295,-1.7838784000553565,-0.04630683243090483
7727-21-1,2.249266130265447,1.5070708563757333,2.26514671166365,6,-0.7421952738897135,0.01588058139820303,-0.7580758552879165,2.369215857410143,-0.1199497271446961
7727-54-0,2.0382996102727877,1.3669004833110892,2.0524493512008815,6,-0.6713991269616986,0.014149740928093735,-0.6855488678897923,2.004321373782642,0.03397823649014553
7733-02-0,-0.12506768251724254,-0.06481356302306787,-0.0898773545370771,104,0.06025411949417467,0.03519032798016544,0.025063791514009226,-0.10433226527137834,-0.020735417245864196
7757-79-1,2.2928650997209283,1.783844112509334,2.359694991321563,5,-0.5090209872115943,0.06682989160063446,-0.5758508788122287,2.334937963200666,-0.0420728634797376
7757-82-6,3.3941484077080224,2.7656753841343917,3.2963569469502865,8,-0.6284730235736307,-0.09779146075773593,-0.5306815628158947,3.321295716426154,0.07285269128186833
7758-95-4,-0.5048190351535572,-0.06860119693709055,-0.36167230516670607,9,0.43621783821646665,0.14314672998685113,0.2930711082296155,-0.7883163743756174,0.2834973392220602
7758-98-7,-1.1622608392098115,-0.854390789230318,-0.9044805040133758,189,0.3078700499794935,0.25778033519643573,0.05008971478305779,-1.0195478180607198,-0.14271302114909168
7761-88-8,-2.805382361364155,-1.711973485455169,-2.4575974125168156,23,1.093408875908986,0.34778494884733924,0.7456239270616467,-2.5273156470001283,-0.2780667143640265
7773-01-5,1.6093014332252134,1.2214033380136264,1.622547851915876,5,-0.3878980952115869,0.013246418690662676,-0.4011445139022496,1.6319859007948487,-0.02268446756963538
7775-09-9,1.9915375442580399,2.393983408723466,2.911677975695185,5,0.4024458644654263,0.9201404314371453,-0.517694566971719,2.9726340645010434,-0.9810965202430035
7775-11-3,-0.21026142154356853,0.4585508748447084,0.06919103983406005,9,0.668812296388277,0.2794524613776286,0.38935983501064836,0.14987401762480346,-0.360135439168372
7775-27-1,2.2083572381865504,1.537134993057817,2.4500656600327404,5,-0.6712222451287333,0.24170842184619,-0.9129306669749233,2.433111884074383,-0.22475464588783245
7778-43-0,0.24605634705861634,0.23360405082391475,0.4560642862736871,10,-0.012452296234701593,0.21000793921507077,-0.22246023544977236,0.1484894265289497,0.09756692052966665
7778-50-9,-0.48710510411810737,-0.057838964542434965,-0.5158504259352029,63,0.4292661395756724,-0.028745321817095548,0.45801146139276794,-0.5493522546661214,0.062247150548013996
7778-54-3,-0.9791011129923497,-0.9023478694405525,-0.9170389053152737,15,0.07675324355179725,0.06206220767707604,0.014691035874721203,-0.9534189429633358,-0.02568217002901385
7782-50-5,-1.2009189165984617,-0.8658129709419744,-1.2824683314491199,7,0.3351059456564873,-0.08154941485065814,0.41665536050714547,-1.1527280351989628,-0.0481908813994989
7783-06-4,-1.970432672636556,-1.361200638526268,-1.675404988901819,7,0.6092320341102879,0.295027683734737,0.31420435037555094,-1.595136220752777,-0.3752964518837789
7783-20-2,1.6214648992118037,1.4379369230173198,1.7110625953351069,8,-0.1835279761944839,0.08959769612330315,-0.27312567231778706,1.559141875713333,0.06232302349847063
7784-46-5,0.6019468365265483,0.3300932741569882,0.4746325149845526,15,-0.27185356236956015,-0.12731432154199573,-0.14453924082756442,0.443837764029267,0.15810907249728134
7785-87-7,0.13030797599780142,1.0921773312855405,0.30890014750987255,7,0.9618693552877391,0.17859217151207113,0.783277183775668,0.4052482687070885,-0.2749402927092871
7786-30-3,2.422087258294538,2.106730390472871,2.552737333500237,11,-0.31535686782166694,0.1306500752056987,-0.44600694302736565,2.4471580313422194,-0.02507077304768135
7786-34-7,-2.2131473481805535,-1.2608435775718054,-1.6927281579975286,18,0.952303770608748,0.5204191901830248,0.4318845804257232,-1.8394544200645884,-0.3736929281159651
7786-81-4,1.3228595520915611,0.6950902615467235,1.4829433454542362,25,-0.6277692905448377,0.1600837933626751,-0.7878530839075127,1.5238193182385318,-0.20095976614697064
7789-00-6,0.17777923109004612,0.24145140132284929,0.7308169451348878,26,0.06367217023280317,0.5530377140448417,-0.48936554381203856,0.7489590698763082,-0.5711798387862621
78-34-2,-1.9840012572189718,-1.4204311748751979,-1.7730741218541763,18,0.5635700823437739,0.21092713536479546,0.35264294697897847,-1.7654575266730235,-0.21854373054594833
78-48-8,-1.8393098197445963,-0.7446835847746223,-1.5142064067737016,5,1.094626234969974,0.32510341297089473,0.7695228219990793,-1.5682363268622246,-0.2710734928823717
78-83-1,2.934946233620445,2.2943050188211385,3.03448861119778,6,-0.6406412147993064,0.0995423775773352,-0.7401835923766416,3.041392685158225,-0.1064464515377801
78-87-5,1.3504366130356174,1.1259621203283154,1.466705719041263,5,-0.2244744927073019,0.11626910600564555,-0.34074359871294746,1.4558852586636264,-0.10544864562800904
786-19-6,-1.1418916051144188,-1.4376227026734851,-0.9475167201893273,7,-0.29573109755906635,0.19437488492509147,-0.4901059824841578,-0.9901379534849383,-0.1517536516294805
79-00-5,1.7407135364255977,1.1706131644989446,1.7351524480210985,7,-0.5701003719266531,-0.005561088404499204,-0.5645392835221539,1.7526522842941183,-0.011938747868520672
79-01-6,1.3854459338335718,1.1168394390682121,1.4191742418807933,14,-0.2686064947653597,0.03372830804722149,-0.3023348028125812,1.4034627951068157,-0.018016861273243867
79-06-1,2.1479320435000706,1.611141590634542,2.1795457307917547,8,-0.5367904528655285,0.03161368729168412,-0.5684041401572126,2.204119982655925,-0.056187939155854405
79-34-5,1.0355144403198748,0.5642092074443743,1.0391267691055106,7,-0.4713052328755005,0.0036123287856357766,-0.4749175616611363,1.0605849704007264,-0.025070530080851583
79-57-2,0.9980843482960826,0.6903569859081852,1.5792134234381163,5,-0.30772736238789744,0.5811290751420337,-0.8888564375299312,1.6938812539859918,-0.6957969056899092
79-94-7,-0.8298488951487782,-0.6801482389464377,-0.3016176852637013,5,0.14970065620234052,0.528231209885077,-0.3785305536827364,-0.6669084281387013,-0.16294046701007692
80-05-7,-0.02159685217561047,0.2264834569764319,0.20612203013903024,10,0.24808030915204238,0.2277188823146407,0.020361426837401664,0.5181819274811833,-0.5397787796567938
80-62-6,2.514483989176866,1.6577503688130248,2.543937701465115,5,-0.8567336203638412,0.029453712288249,-0.8861873326520902,2.530365529382302,-0.015881540205436195
80844-07-1,-2.0070150169876326,-2.3922160538614814,-1.3977791193610565,5,-0.38520103687384877,0.6092358976265762,-0.9944369345004249,-1.4992121428936502,-0.5078028740939824
81-88-9,1.4392848532542795,0.6901347976019497,1.4348030357510797,9,-0.7491500556523297,-0.004481817503199759,-0.74466823814913,1.4589610771580623,-0.019676223903782875
82657-04-3,-3.7500221223598587,-3.326559326187185,-3.547471076191001,5,0.4234627961726738,0.20255104616885777,0.22091175000381602,-3.5859383913833187,-0.16408373097653994
83-32-9,-0.2969913186800321,-0.3289957406700951,-0.26337772120149683,7,-0.03200442199006304,0.03361359747853526,-0.0656180194685983,-0.3135375487507682,0.016546230070736134
83-79-4,-1.7033014727271498,-1.6730622580600014,-1.3437406563043461,13,0.030239214667148406,0.3595608164228037,-0.3293216017556553,-1.5116672558402402,-0.19163421688690963
834-12-8,0.5259007314000788,-0.38653980796369164,0.6865635350408311,13,-0.9124405393637705,0.16066280364075236,-1.0731033430045227,0.6964174283652972,-0.17051669696521843
84-66-2,1.236256435358418,0.8937618657322524,1.258932765406647,11,-0.34249456962616565,0.022676330048228888,-0.36517089967439453,1.2864358011002401,-0.050179365741822135
84-74-2,0.12380583172399864,-0.12033950630059809,0.1936055461969561,10,-0.24414533802459673,0.06979971447295746,-0.3139450524975542,0.12118185727037592,0.002623974453622724
85-00-7,0.3131757796571992,-0.18281118888312214,0.44753287575004663,20,-0.49598696854032137,0.1343570960928474,-0.6303440646331688,0.34030139083960254,-0.02712561118240331
85-01-8,-0.46948159283979213,-0.5841988002029695,-0.4535973412537484,7,-0.11471720736317742,0.01588425158604373,-0.13060145894922115,-0.49159082088115474,0.022109228041362616
85-68-7,-0.31286395170195197,-0.08647494963422642,-0.11816805478360409,9,0.22638900206772555,0.19469589691834788,0.031693105149377676,-0.03447445904651331,-0.27838949265543866
86-40-8,1.1804754834526645,0.4536617157984045,1.2461884590702133,7,-0.7268137676542601,0.06571297561754874,-0.7925267432718088,1.1728892953640329,0.007586188088631651
86-50-0,-2.892544413356833,-2.282174433344216,-2.835690982982566,28,0.6103699800126172,0.056853430374267155,0.5535165496383501,-2.885439579113314,-0.007104834243519154
87-86-5,-1.1065576771076324,-1.031060086159922,-1.006387520515534,63,0.07549759094771047,0.10017015659209849,-0.024672565644388023,-1.054591444653099,-0.051966232454533356
877-43-0,0.9378882597543197,0.6384652622160449,1.0473760880807956,6,-0.2994229975382747,0.10948782832647597,-0.4089108258647507,0.981988304998303,-0.044100045243983366
88-06-2,-0.12940842611292974,-0.21131868596627454,0.11644529886383173,10,-0.0819102598533448,0.24585372497676147,-0.32776398483010627,-0.03345651035149774,-0.095951915761432
88-30-2,0.19911617440962642,0.23192130689714668,0.17206750848912472,6,0.03280513248752026,-0.027048665920501702,0.05985379840802196,0.146128035678238,0.05298813873138841
88-75-5,-0.01157414145661495,0.47339299928067263,0.11125076902980667,6,0.4849671407372876,0.12282491048642162,0.36214223025086595,0.0334237554869497,-0.04499789694356465
88-85-7,-0.9460270692614818,-0.8340990810939333,-0.6411426045878402,9,0.11192798816754856,0.3048844646736416,-0.19295647650609304,-0.9563060285608884,0.010278959299406587
88-89-1,1.7078490300264375,1.2963057983983577,1.7299274935263467,9,-0.4115432316280798,0.022078463499909162,-0.433621695127989,1.72213163149926,-0.014282601472822565
886-50-0,0.3405511018992812,-0.43614155620024053,0.6186389625504083,8,-0.7766926580995217,0.2780878606511271,-1.0547805187506487,0.5471807862521664,-0.2066296843528852
90-02-8,0.38986309491635057,0.08819144711108615,0.5423680308404407,12,-0.30167164780526445,0.15250493592409015,-0.45417658372935454,0.5589289554570162,-0.16906586054066558
90-15-3,0.1524929871210946,0.08652832129423761,0.3444292295617382,8,-0.06596466582685699,0.1919362424406436,-0.2579009082675006,0.2600251444742076,-0.107532157353113
91-20-3,0.2597477319753914,0.2646819208756103,0.40573047928975015,13,0.0049341889002189054,0.14598274731435873,-0.14104855841413982,0.41467557560965396,-0.15492784363426254
91-22-5,1.3502931492101982,0.8549560475373217,1.4462306357620636,7,-0.4953371016728765,0.0959374865518654,-0.5912745882247419,1.502881612261012,-0.15258846305081386
91465-08-6,-4.908897851360166,-3.7390680095528595,-4.5754029069599,11,1.1698298418073065,0.3334949444002664,0.8363348974070401,-4.8352807196102745,-0.07361713174989148
92-87-5,0.3825986134948939,0.2900353427937669,0.7178153852454677,7,-0.09256327070112697,0.33521677175057385,-0.4277800424517008,0.70254354812872,-0.3199449346338261
93-72-1,0.28343760390408645,0.26216834009941564,0.8268095744891308,5,-0.021269263804670813,0.5433719705850444,-0.5646412343897151,0.4045436573201495,-0.12110605341606306
93-76-5,0.33096496091531447,0.4199260969157034,0.9016224774539934,12,0.08896113600038891,0.5706575165386789,-0.48169638053829,0.149532942600118,0.18143201831519645
935-95-5,-0.12466400403632921,-0.3602267198653354,0.010821402013595775,7,-0.23556271582900618,0.13548540604992498,-0.37104812187893116,-0.0933732586637938,-0.031290745372535414
94-74-6,-2.1490068458741907,0.9382691052901141,-0.5813816969445471,6,3.0872759511643046,1.5676251489296436,1.5196508022346613,-1.6575773191777938,-0.49142952669639683
94-75-7,0.13184441190656537,0.9057586591802088,0.32337336938438155,32,0.7739142472736434,0.19152895747781618,0.5823852897958273,0.15212068035372667,-0.020276268447161294
944-22-9,-1.956891562328814,-1.441864074153659,-1.452242753987932,5,0.5150274881751549,0.504648808340882,0.010378679834272875,-1.732573599689942,-0.22431796263887183
95-47-6,1.0344757098456618,0.6718853120578209,1.0280919627170424,5,-0.36259039778784097,-0.006383747128619444,-0.3562066506592215,1.1406344262491324,-0.10615871640347052
95-48-7,1.1055640237721152,0.7575827226988625,1.1104108124081264,12,-0.34798130107325265,0.00484678863601129,-0.35282808970926394,1.1116214374378666,-0.00605741366575141
95-50-1,0.2836493329341073,0.3120733674435425,0.33163946339478034,13,0.028424034509435203,0.04799013046067302,-0.019566095951237816,0.19783596323472674,0.08581336969938058
95-57-8,0.8768641706307138,0.5746403787899237,0.9113723101262986,8,-0.30222379184079007,0.034508139495584844,-0.3367319313363749,0.8763811900545079,0.00048298057620588253
95-76-1,0.32072703213191905,0.14507096512172257,0.5125480107029581,15,-0.17565606701019648,0.19182097857103902,-0.3674770455812355,0.462826521407926,-0.14209948927600696
95-94-3,-0.015301493416408185,-0.036519649408925575,0.07377777826578286,5,-0.02121815599251739,0.08907927168219104,-0.11029742767470843,-0.05259017360374174,0.037288680187333556
95-95-4,-0.1572405931022302,-0.32929628826466695,-0.20222977617314308,10,-0.17205569516243674,-0.044989183070912875,-0.12706651209152386,-0.21163009868001276,0.05438950557778255
950-37-8,-1.3773488868388395,-1.262408452160491,-1.2566018073128238,9,0.11494043467834847,0.12074707952601571,-0.005806644847667242,-1.3996947935335387,0.022345906694699158
953-17-3,-1.048656173063051,-0.9871981080978443,-0.8561468004142074,5,0.06145806496520678,0.1925093726488436,-0.13105130768363682,-0.8759671235737556,-0.17268904948929542
957-51-7,1.6584992562607286,0.9194336494429309,1.693188852077646,5,-0.7390656068177976,0.03468959581691733,-0.773755202634715,1.6961591404447474,-0.03765988418401878
959-98-8,-2.6510036280300584,-2.6267463109651725,-2.339543051722203,7,0.024257317064885875,0.3114605763078555,-0.28720325924296963,-2.2596373105057563,-0.39136631752430207
98-01-1,1.3096987814606311,0.8902296290331778,1.334606189700963,7,-0.4194691524274533,0.024907408240331774,-0.4443765606677851,1.3654245171563955,-0.055725735695764333
98-95-3,0.8673019282657303,0.9264220975673274,1.081835013994281,10,0.059120169301597136,0.21453308572855068,-0.15541291642695354,1.0240164720816716,-0.1567145438159413
